msno,is_churn
vYPGGNlLHEUB5eNXuwY/5xUsGcg8kT/TkgsxOkWTcRk=,0
OVaEVm0K8HHDkpJuYCxz8OX+7/AgZwCqkIp3Ja4GkzE=,0
+nhzYYPq8XEEdxHz7SEoeQKcZIAenToImThUqJpP93U=,0
muWpFP2fk/GgzbmQ/P1yId/9qBj8yqrQpgSFLB/hiJ4=,0
UldLqH5NGatYV4SPAw9kO76syWyXnZcNx014YKq1QHw=,0
izoasvSP934Zca1o1PdRukF5DsbNwFaxAsdQGebCSBE=,0
iQ1ifzK+77mi+fCCuvQHsijXrKdeJQtcCNgbeSMQz1U=,0
gAfpKY7k6ocr0Vzaxo3sBGL3KxgKbPZFz31JX6DF5/A=,0
zuVttBKsyob2940FEP/JNmSyLBkcBtGDl/HqpMqTPSU=,0
A3UNwedUJ2m6Mr/vAY4YtDI3njz2m2cOf8fJfMaHN5s=,0
jq0lNmzHlXQJUrfAWo8M50WW5JWxUPX3L6obQQuVYvY=,0
qogzIpu+3SlkZkbbFQtzm62qMcWqZ4jqb1JLcj8vev4=,0
+cYDLAgxEcz668Tj/0wC9id4hNCm+joEpXhtAdkBwDk=,0
gtGa7rUpGcMgGsdTlXb6pPUIP9TUq0Z+1f/pcWos4XI=,0
gIsQJX3PkbxmH/CN1njNNGTzogeErc7Gd8Ep/TZKxfw=,0
SltRlgLv0cbYeS/ahuK/rzawVo6OlcX4vIGmNUdgIyw=,0
5sdwRMXmNowFPeG3US/z4SvvTQJ+FwpokCFWM1gihpI=,0
Jle7d8LsRY20JzSkTWBWoaVVb6y6aJso/H9CtjA/tpM=,0
gqbSYTd/+XUkGHgk9NNLL5ZFJdtIJPr3r3RV+1p0vhE=,0
8j00Fvv95EpTXRabk+CM/mvadMw/AVbuRlt4D8CtuA4=,0
GcudSe3z87L2iXuqnfJMSThqXE8x3d+WqMYJpIHjQJE=,0
lxChExR/eqJtbKdwPnSojIA6M5sO8TffnncyPEMpTRA=,0
WxHsq4ugTWOlvlytmTQORSbKekVbcrYsCrMpXvS8eGY=,0
LiCNDv570tIWU/acwv/WuFc129dZicmTAqlOrCDpZZE=,0
tTwObCiijDnKp2mKLP3RhYSjAZKx1vED+Ir9JvwkPfk=,0
LEUHdCH9TB5D4yoUzDC+8y7SZoINcp2RZ+xTbxIsYNg=,0
nmFypun2WFFFU+2ccFJRKIodIzRXmHUWD+FIN2uCu3U=,0
1sVg11MTMGZ6+lcMH/+ZeUepv+wNNSiEUaUR38a8g/s=,0
rEUgUV+jjlnExyeBSyafJFJ9qaoTkwvRLtnhJuU9NpI=,0
bi0Gt/nvkG9HGsMmS4nPLj8X+AQOlDtdktrxtdF0U1w=,0
rmwXoBYnFtHi9a+Up9NKybQeAbYxmn1INMkY/eFmNx8=,0
8J3q9WSAFQhu0P654qfGcczYtcCp6Z3Z5PbsjQD1Xao=,0
+MnkV6UkOUr/PSVOD6bnCGMHmFou+DOrdK4qiHPKU4M=,0
DENnV7iHfizPKIC9hlBNp2stg8yPYkFMZSN4m9YqxGg=,0
R2x+dnqttdJvrIs79vN0gYqtHPPqd8iZvSpi1avCDv4=,0
yaT7OITRDoAVz2OPaeHyYpeEZzHzByR11twmOTTGYOw=,0
0lv/DiT8gunUKk/OodEeMNwkRpjfurRnOcAuTOr6DmM=,0
br0wwroFNYAHebsyo16HlamuEAltds+xgpM91l86oic=,0
XfMx53hUoIAX3tJxQAQYWyuyngJm59m63Uoq/qeCg2A=,1
pZQQtKXwdD6JXC/9roV2yrUSFXiCC2aaolKmhgJNc8o=,0
7Zur3VhfsENvex+ESlf8A6DR3Q9V0Fx7zI220lMczSg=,0
fbqN53oE95apKmQCBTeQHU0NJLl5LMBnh0KI4O2ERfQ=,0
GSNFGlb3t/z+92PxEIepFTs0L7W7SUwdnYYsz9ua+gQ=,0
ziWNRr4BZ1OQL/CBRtytFobVbZnLMhRMSKH5Ddgk6+w=,0
xMVhZcYpD2pFvKVdVF9IeR/pVB7+rtcvap1cPJzYpvs=,0
0QwnYGKfE3wsldIGM7rJ9MHt2yWCs2/wB753Et3WokM=,0
loBkgePhYphW7XeuC9pfF/OaC0i9DyAJHMVO2KtzN4A=,0
c+X1VSd1xAuTtDm0T4khE7SYKZc/xRzcPnZYmzEBjw4=,0
0YQAzVBqV+zXbpYd6mlEDW82qdq418n0+9N9ckbPITI=,0
tCP2b2i4uUChafuAIPOj+qB5cU47M0E/70wQB7wY0pM=,0
lSv0RbNEGBgBuwKD0xo+fOQI2n2sV08PaYs2o4YL6eY=,0
IV12WaX0ugg80RzBcmrc2gegyxBI34ubK0hgXi3Sxgo=,0
8Mb0oJGGFPw6ZfRFVMup3W6/xmKsdo+ECLEDEbi/Jfc=,0
cqmZYnpXT9vArmrce/1HQ+dMAp86tWf8NFtj+mTaPyk=,1
SYkQaiBDWlAYWiMDkHyRJgWIN6R1RV+GhH2q1c+dxiE=,0
u66gDjwqGawIGcYxais3dLcpXAhZcwl27JtQtCNxWcE=,0
Qj4nzC5uJON6CKo2weLom4Ill8tyhbMG+/GWeljWnzg=,0
InS927+oojYhqrNPIgep4CtyPPX+HenEFQUGo+ONyoI=,0
d59TtJZt04DiXWErnSQ0FNR7sDToGpt9n8GMTSWocSU=,0
nyymCJrxAHannNG5JYeMzZV2EsLKvppZx1lpV7TlzdU=,0
OeiqNJyYizRhUfbjuASNETYWVW1DEPo2U5AAOeKaRfc=,0
BR4d9oaCqhNvOYW0/tKlJDiHaeVZgEotbeyJ2vGsJdE=,0
UcGwgA31Fm2Mwa7B5hnFlzAlgSmXlmCUbZRRg9EN1T4=,0
yStQKU0LonvRaeNoaOh0RCAEklPEbyVpQAQSGuGMPWM=,0
Tt45HNhdz7DPSu6/H8mFOx+rl8P6vA2h352iu8by0RI=,0
F7CPeUiv4BUDNy1xq9RrWQrkXv8dGnRqGu8/gG913cI=,0
g76vPJvusQT2P8O1T+5xbQWgCwEiUgpj8/X3O+BqGhk=,0
tqFHr//1Z16PHMSs+zUqJS762omgaXxmtupDDgRDYyM=,0
UHR0gvoFhqKGSWVUYkMM34am8hmC6smEdxKKxtAMhtw=,0
BFbmWELMQm4DAtp5YAjH0iP7zB+XeTvKet6dJIPMvA8=,0
0sA8Bos5ZbdgEQJppv2mnLJ5LISGz4nMzJ3lrWB9R2U=,0
QcymRoUEIRrFIda4gel+BVBp6IorbIavsaScD2ZziWE=,0
qmwbrzrXWB3pRUBf3HPosVeF/VHgOKCTnEgMjeslmr4=,0
A1IXmsYV1u0pqhQ6FQDP36I58QA2YTo2fUdrQvU01HY=,0
drmoszDyenJ3z5xWH3qngXJPH00H7DebNfFOyH7L99g=,0
QZP4i1UIVW605+zVe+wd2yy085T5ZpXFPMvCFFyznNg=,1
86mxfbAknuAK/AkULrPL5b3KdcSSDWUQ4whRcEBe5ww=,0
InRZAkrs2wlqZDSfnCc+s9bONCUQzhbQ9kjsWx2URlg=,0
U96RcTRXLMgTLz2fl9UGysZShYFzcLF1MkbtgaVTvDg=,0
r7AI9iAq4OxSPbkygpUPnncSOSsafMyzdKmQUfnzdKY=,0
F/CSDcYrM+7kBVIkSvEEEOj3ve9N3oJa8FvccNhE5bI=,0
Di6YxM2HLWA/tDq453Gpopr/ns7SYOz3UwZ7OQ1UHYM=,0
bo8TvDo9i9znX9dLhQRKnkzLDlyJG8srqUVs9R1ZIas=,0
QvpklsT8YGf5dksK9HqZamrHj1sNNRxLZ62sH7Ij0Wg=,0
JjKqJyNLabfPXSBNa1e+V8LRZAEOmghJZANhtaOKMb4=,0
8V6feuY6ytbhensjp/4GWMlX9cJMepIb2f20bqTvesE=,0
mRE44/zhVNEin2zdO6qXKXKgGl2T0iGWHR/7pbrs1Us=,0
K0HF+rmQgU78mN0qwkjdilHEcr4nF1Iyx1PnV2HXxic=,0
JxbyS67KfYpkUZeLNqc2b47CH6uEkEBmFa5GjMiWuxM=,0
q3JMoCXlLOc0Cji1+W4dSmLH58eOreYxLapnbho3BR4=,0
4p7jC5W4yL1cihaG9os8JKKR7TfWX55XHCISu3IOGE4=,0
Y0C0HI7NBWvocC/rM0Rcff99lGIoUJLt+AdMwdfMmlA=,0
hy+pud9bifOFI0Ckefm43YiIGmVDryq4Frm6MzajQ7k=,0
p+/A4CkuHNk8hOvrclmk2XP+ywfADAMgKjLnaxPDq54=,0
5RJ9uobz+CZY1w4YzQc2SceRbVJz7v7YJtMJH9jdiik=,0
pG09GElBSrT/XEfG9Pw0o1XbTTY93m74UqmDg1dhWy0=,0
KzBx+IUsrO9zS9+5Zen1jNBoJTrYXGoDZQd0vQMfbzI=,0
aTudDZz0ZjTu9lj8yOnj88BH5RfYk8/3Eozh/cUoOJU=,0
+Z2+0mGm2n+es6HO5O25Uhtr+YoZCBudoGncZtnbBYw=,0
bAs3rxpeQMWsl6N41IakqcAR6gLazHx3h6jhzaCQvv4=,0
dPMHFi2pLoT0p53riHkJIH/Y7ATofj0rxtbzcCdDG48=,0
usR81cJylBlyXeCeenqD6PWkSqfrPCJgWV4I+0Zrvns=,1
d27UvWQOo3xgPTb8RWRdI+YQrNfqNcfsQSlmkjdwU7E=,0
8AHyK5mk3ZnLtraNyySEkaJ31MfLDxG/zIFRLJ2FjVk=,0
HS2w9TVCPWCv9diIWlkKmUt+WCKzh8X5qKwPEUPxI78=,0
tmsl31TopSBHChvfyB93bpC+Wo7tq/lwu3Ap7eLxMLQ=,1
Hy6dsDoPRdG5saX45Grs36hHNSA84GK+xO880848UY8=,0
KbK22qbXkYGGG8SGqLjdLwFwyg/ttYvK/lLa1K2/Qx8=,0
HqftXJUz1JqGDYdkDARaz/S2JEvZvzS8WORMVV/VnD8=,0
BXDoCP76YeLGykbcpGvCC1FJY+EwuBHmhy2i1YEc6sU=,0
qkivsnFO7LTe64qNHb7hkjoxWneYnsx8HIiXc89D49U=,0
sgBmPTPcNRMFDm6qrdkTaglPX6YJ1fvWC7VeG/uRtvM=,0
fTuUabbzF+l2kfs+2aQbkQs+pugLTeO555K1f1O+96s=,0
X9IpmEwo2YI3McByfp8Td99VCRp0DSPv6dYYHftg2iU=,0
RAzL8B+RTHJxcuJ7VknLCtd4R6wu80zB0absEPem8B0=,0
wbZjjkzwD/ExsJXk0myrQFgw0smehsNw4MF+djtnig4=,0
oLnjOBE1TsQB2K+7kC8YRE5j3+0bg7DoSMwFERIVgrk=,0
GlNuiWw2B82pYzUD+4hGF2q9Z0P63v/GiX5v5Aj1P9k=,0
rwgKzUrxqS0LOhnUPKpEW7M4SUAyD15Dd1rCbik83+8=,1
5YPrBPv1PcutMjGLWp+OipoZrhgklm5/1RsUDaI6hO4=,0
vtR12rnTOaQ8/H0CefnRBUEzj3YJF8XvWiApo8e/+cs=,0
o6sSIq2mfnuhZqTC1rlHS0iJvshOJ5TkbtgvmggSWTE=,0
qVsFLLvH53n9/XE6URRgrlqYZ6svGaNFGpTbEK9fLt8=,0
mJkcBkZrWxHvYwNKa9jGRD0Tq8WHpeWX+PPyGA0/h14=,0
IHyrT+9SS8w32lYg3plyH0cAmvcilG/h7E1YiOGSCGg=,0
nuF0HGkb0qjZhe1ir1UHmy+/SIiIwad4+u2iqC8KLXo=,1
ayJXsKRtYMqm6by3LOgbUaKsj2MkHi96nyl8qtpEeXg=,0
0U0OakVy0YAFlIX1ow+JJGG4EdFoSgIwqk1lm3Eg6Ts=,0
0toK8KuBP3HB5TT1boxFxhPL18h1tWq3A+2k52qhrO0=,0
O00VOvuSuxNTCMIm6gTt32QdqEvtQ1W0ItKl5FwMNsQ=,0
nNI5UJbY0RqNKcdS6MTdzw59kHNNRMVZBGckOaOCQiw=,0
UkSBCc5Ql3AUa00fIgaxZpHOLJqeY2mVo6eh/txjA2s=,0
aJHgdPPgeOQPA1vwOXASDEw7V+TexivP7Rv2YpNtal8=,1
0YIobdWMG3o0cNhez/Cjt5fk1B9+bepCcnT0o3Y9YEI=,0
BiE1w2/6G66bv1DSWR5yIkhOMjSTORMUikrUVmqjnk4=,0
UVihNDMOhcyvawMtUS+l/us/5yDIu1MBeFGTU45NtFM=,0
VWjzxpDlsnuoX+3SckwzoUoKnsam7mpB5YMDJwS3JaI=,0
S2393FvtTX7LCeioxJn33emza/T8l96YXwrkSgj5zKk=,0
lpxiQrdjZIhPoqGh+6Ca6hFZS1KY7ZGR2CL0Ny2MScM=,0
yhiR7vIyl90i36SyJb+nDOJbASoLtVEO3J258BOueo8=,0
Y14ZewhNBN6MytWwP1Vh7tnsoeIn/dOf5xAxTdMz1B0=,0
mD3T6yvGRH02NG/PMAD5Pb5OX5cM+ESMGFjDD92914A=,1
sXK57VGZP04F2O5o+YJLzBUAhivhDPu470JGbrT1MTE=,0
JbmjgeeHmmTz+hIhtdIfTXAFSe5AaE+jHmQ7TRfUv48=,1
eO4Sq5K48273L2J0hVvEkLU/GRnI6acIc+XOJDSi6Nc=,0
+A//J5pToBYW7cLpSg6p594VLxcZedo24kpuoDgr4zA=,0
k8CsUIFaR1g30QF6RCQUdBonN/6RaoemMaUwArR2sjE=,0
ZDmK7IRqmHXlBdRhoksBcPwFPOzGZlx3HqX7stoEXJA=,0
05VwVicOwk3NmR8q2sotD2aWSnozx0F2bHh8udaezr4=,0
xQTt/gOoJJiBgqNoeBGFP2izn+rG1xkpNgDORyvhjKs=,0
wp9CiMPxMt94HiWKRwNTK7sfMigvfNkIw2Gi8I+WIZs=,0
JyivpSwNEUVsWg0dsf8xmjTmIGRH3WpTkTqZBApXWLs=,0
AAn5/PkkAedgcgnZGhsQWj88fQi22njvN2nOsgHKh7U=,0
wR21ip4ccph6RhyMQWm96yf726K/mYYzOpMTYSltZaQ=,0
WtKz9r3jYrkXLmcZEAGc2o7sRBooPaujpm45pXv32ro=,0
r63F27ZA3yC/nsXpMSQhYPKfkPWWHFCGyKedB7fvYjk=,0
Jv+xaBdGTR337NfAEzKsQCKgtSaCaJsGOcdhq15nEok=,0
aqCViwW4A/2yD1ppg+XSC/XqnFZixP5tRBOYXYN/5oU=,0
x0zL6AeVwUkLPz+jLkSIGIVlJyTfEF6HZUZ6X5VnNas=,0
uBsqWs9+p3B7xTn/XpD9Xy7L5Ofe1YIQ0jY32Xb7vyI=,0
bbtqcyLzvvDIAhZKdPy01nK/bovXP1TK4970GUedSdA=,0
FyY3uDDt0Fx0G/3LzSU4zQ4zy9/lDuPFubMq3gSo0Og=,0
lqNIhQMdwK5eozcbGX0jrMBwDgJ7a6slQuBmWY2rpQ8=,0
oKcsSm8pN2mTbhwSIqZ9XJr3lx9+CBRIDvuNY00ZK5k=,0
rba/qZgy0oVvkbuyNY03Y+pgCLx78Sdpmy6RUF5JxGQ=,0
GaZEbZMs2GVnVm2ia1M19tX+Sxv4IrhEcrBAf+GFU4Y=,0
2bYKq4EGu3zqJDUmeEpGlpo5kli0XOCUQbBa4Fh1N88=,0
JYLrRyyR9uoWpi09/rl2ZkMXD3qYO1a1/IcceMzTsP4=,0
gM7UyEaK43EIt+UE2qHF/JX1IbRSiXVLIdMqHR138mo=,0
Saaz/rdOjJ5vV93z/LEUPLp7gBB9A7F7iA2G91ImE4U=,0
kw9vLGQBR46tyrXO/0VuK/liHN/4RrISm3mkLhodAtU=,0
2+N3aBDGaVc6NnJShtcXayzMV0ClKWd+NlKj7fGbiPU=,0
ylqCpi5IrWHXMc0LM/HPp0rE5P+oolEnpTzyBzvO5zM=,0
DLrMn0RxbTd/y2CotllsvJWAcawSno4yIiPSvpRRI1Y=,0
Api4RK8oW9sHBmWiTNpZbyYx7GkOaMCsIYqDefZY16Y=,0
tYQmL0RQlOzZ8fbA+l/3ajaZP+aGBMiYeS4q/d0IX3k=,0
TxhKzaSE9NYK7tvu/6HlshIaKoZEtftWCJ1ksc4SpuI=,0
Ij8eFBafqhEV5ekr6RhFPA5zGLqDrOLJptyRgRyMvkg=,1
Axp6iLubJG4Q3ge+HhRad0cVfeWETOyOLgg0qrmqelc=,0
wABgZpINorXUGDobuadkQA2oMbWi9ECgmyVWw2yQceU=,0
ye4EhMSc6sjCtTBUBomDuLfoYAfml+KCX+1CEuzP87s=,0
3eH3mDhkkoxL8tLyoWuDtOX6CCj342TkwOMpO3GZoSQ=,0
hGWs5LVjgMFn+dQEtWtiMimLb3Dt5d/g/O0tg9sCyxg=,1
a9uMrT7hBxN/0ibmpEhsnUjKOuSce0cmjts9NT62fiQ=,0
sXslQvIqnb4ofbUFzBqlv8KfqxB4pc5zPiehECesxss=,0
rVCQQC5CFEwI10sBtJov4USFbB2r5XPgKIBMGQ+l7dI=,0
d5erFcypn5VhD18ATKwlkgCBCKYa7DezKn61uN8KEsM=,0
kORvcov+RQtFIasGy1k2wwMnmwI58g6rnxyhWrzZag8=,1
QRZ0yW1+c5QCUFGVvkVN2dbraLW+fhXyT/gPu4z7+Cw=,0
zvou2i1tFFxvbk2o/ix+/d2IbWdExctVyaHMZrhjJJA=,0
uEd5WFBToBu0N/wF+w0eIy21Ysxz42UsCP0TsSKUyAg=,0
XhSnN6subcoLlptHzLhmvUcfHHR+swQkEJvGbfUrs9U=,0
mDxQi+e9mv+DLLHPwhsJ7i68QSvsHhsE2T5YKBP8J8c=,0
w+fuW2g+LiVGTMzQHtBqnhJgDyGURW1YvOWJQx6pDzw=,0
47n7f36JN4vxGBOUcYKzhlmltzhk5jVQhyocRgm5oK4=,0
Nan+LJcaiA0lLzdFqxJ5MDA0gZO86jNJTNgLp+RPRNI=,0
jto54ZGnZjsV5fOlzkok5mak56TsprCYviMVf+IOX9o=,0
L9LXFc+ZX6KpaUHcgiTzQTqr4ol5YXibFiNWvUWGxp0=,0
BMU/r6l1bV1n1DwDZ+ifZSpL8xb1H9mCPeWnbPwzGMk=,1
hw/+nL5GCA8TAV+5QH2Gn4e2s5c7Rj301ik+vLhmNFY=,1
UV1+GwN+5ILOhX6HT7rO3XmneEMd1zxSDbANZVYgdqs=,0
3wGRh6LLZeM6yMIBzvDZ74i6ri0gY9JMTUMKRDo8tQc=,0
2mYilf2zDEGvxUVsQXaloqFe/rx9GVpCRhnr04GKC+g=,0
71GAZd90YX0aac5+l87uB0R+vU5yBIR6F3Hm2bimJi8=,0
gyMgrGrt1thozr2AZo6TJE/ZIsUnpLrB63R+QJv5cOE=,1
0p9jd9Bd9OzA/5zwz010gBoscU0uylvX8QPeCV7Oth8=,0
FQUrA+LyBLoXBHLS7MLT9jK4J1ZW9AJGP3QP/cCXZHY=,1
wyGyGYGHh8bTArTW9Ti9k7cs/SI350dgPJVCiTxhEYE=,1
7yyheMXQk7TK8TezFI8VsSnQWDOoWJcOGHwFy1P2v8w=,0
vx67guuQT4LqQ02ZjhdRV6aYFybyrJuCHNht/CnEUbs=,0
tcr3CN5D8s0Bj+g3059NZZfYz6arWVmXluD9aqmnI+M=,0
bQnPN11swy7mPca0dRKHXxr0Z+arRn/rD/314nnV+fU=,1
ieXBlRWC9Swd7ggZkQqPuvN/emNAGk1WcwbCiaePBdk=,0
YDheqVGpNkxemMg2wsq9jVKDrJ1tbzGwmiOoL+l/Pvo=,0
eNCgcVPHzFOVNIV+KXrfxGkXnP5F9SDlwVoIwjJkO44=,0
LRIOrPCLEJGFvlu1zZghlF3Y0nNZRBW0yfmItNhxb5c=,0
9eYx+TojozZ5U98xCheK5fuFfzGfsYeWr6znhX4gX3s=,0
Tp7yYUfy8k0Q6iKfcTwwMhrFad7dUtIlWCAmask3wtg=,0
XWJXn2DoOPHNOGWAfFk59VSH4J59IcG58utDUOeMasE=,0
/OrkK+agRQCMhB2GK3KctomRLGCQuWxUqw9ml1eQNog=,1
flQd794q2RqMENZFrUhMpKepRJYtAj03dlFQGUsjirc=,0
KaPK8BkPrDmLpS1VHEUInxNBhkmYW+HjL75RE/YmknA=,0
MGBjiB86DeQtbB5bd1BeTKd2LjrcxZdWPvNRgLd7waA=,1
9cJuZYgjhtM/BRou9WjBMgW1coahjIuT0p5SV31nVBA=,1
OP14FuG+1Wbq6phYr5hUASxlv+yQBlkToeKVhKKwo/I=,0
sN8dw8zYZKnl4ESsVMbsSEyf1ikMC6s7g29QgvXifkU=,0
J0OTAVluqj0yKYSn31eKgt4ZvcI0EiihvngWGZrNMHc=,0
n3njWKVV6qOgS81n0cm4T8aXrRhfZvUL720jaDreSjY=,0
k+VQx+2xr3M6FY+BYl1qVjSqGz12jov4tMhTo777qzI=,0
XL/jSLW9U8kHViUAMO+ZjEH5lqEAtYurKErsmK2xSrU=,0
/NzOLRF0LbA0+MIOD8t2De/pR3Nrp7GjAgx3GQ+IciQ=,0
Q5taOUa0jHRyTICBkVxgjKHpnfKXa4XziADYN9UDYGg=,0
enR0/P2sGhKtQKfRj5VzT7La2CYyEpau2T1Oshwt+1c=,0
+5aAiJ4OMNMhJXGjed+sodsB9AuHcj8USR8KwcLeqtA=,0
x3PhQJ0ETu3p+D2/vCYXqEBB1yR/t0OVlpsB2prxjzI=,1
fWvUdFoOCNb5BARA1fJd56S30h2yCtbisTBERJHYvoY=,0
XpXDcXExkm5j7uc5uPQdbIu/FnUK1Q7pukK2/7AZ6Z8=,0
7+eVGwZIkbiTkbJ9xy/a3TNqg0hanRWh3GhfycIm3fw=,0
nYlMSQbEM68lzEfOundUQ4GUqxD/ACBK3fI2tKm0z+o=,0
a9gN8p0mo6mdTmTfenscbxIZXOkNkExOYy2Eo/NUdXM=,0
Obe8dgrJPIiU94zzmR7oRXP7WR8gU47sxVNDXupqCsI=,0
83CaTUwbPZ3NwwKoqsVoAj0Ei6lUFGSVFoTH82+dvBU=,0
zhRqOip2WV8UhoOdt07MyPZhJvXraZ7DkZyRubkG+fY=,0
oQOU8S1ypl1+eQIpfy49p6b/9d0DfO62eDd0PRO0+is=,1
3rzd7puxkntqhKGcieDd7UnnnIeSARg3AVxRgYtn4vQ=,0
MnJIyIHN5uPZ9mf1BiQHyWS7fNajsbBTZXfvodN7/no=,0
yw2Tg6hj5IAR8d29Dww37RsU8+MeiAnhXwxRNz8Q0Hw=,0
sOhFlaSu7gZtkNIQSEIy82Ca948ZzfeZO4jABF1Uivw=,0
pDq99InMdob3hV8WXaVS2YLQIAtL47oFZYV/kwFBrRA=,0
KlHuIxdH173CBCQhbYWlyNBdQQuAGxCVl5kOR4aL3IA=,0
XF7rJt2jo9HPMQ62UoxjanL3fpT87UZhi5jtoLVjsd0=,0
lUkcRPVhJiLbOcQ+areTeKngC2GLTWNHLojZHLMj61I=,0
sVel9mgwWkLYVdoWncJhq9w85S20ld/TLVJFnBtIhWM=,0
hR2OQX5v9gn62Ix0VjyLOS6tyPDO8NtpsdsqtRAtaso=,0
NgSlMrNP+xZANxKcYp+bgArxLFyOCza9bGjLEZA7HTQ=,0
GPoRPa/ZjumhbtuRRmM0PdCrnAvra8yAGQBNepmxzIM=,1
3Gas9vZWr3IMmhgvuHQIG/OFTWvu6dZ8zopv6PFFawo=,0
JnoyMwLTa3RHKOMUsVUU0/aJ2/KvW11+CulD99Zi794=,0
NellsQ2R+W/6EMlZLNsN68RdfE4qedisf/VGpFlTpUk=,1
bXPrZNsBC7X3a/7YKhCqKUxZfc3gP1UiReriPrWGxQ0=,0
wnLOQz0uhUWTVfLMCu0EHiYoKYdGdCT928Ki40eKvkQ=,0
6EG3k8yUnin5/IarLxMggJt2o6zsZVWw1PXK9xFEI0c=,0
bWrMvuvX16GDHVCMeCSivOZzRiBFkI2VEwDG4QT8e0g=,0
ngTFEtl1PWxnpIRUGvG1Kh/C+UJmq+t+fJf+hpp7hUQ=,0
MidHVf1MFmMWM7VxWPmCBtyaftedNGxSH65Ov2jMouk=,1
m67f8bj3dnE9rBJRi0nUz4/TnWuJuKCTOaOOPRysrF4=,0
HqGUvTjuQxMu7dZaE7tt9/tUTxdIRTXW6M4s9+Ry5bU=,0
g/gMmAV5/EOi6BRsIrVZy/JSSMGWm7+uyHVPbO4Lvrg=,0
+qrdbGi9iWlZ2FOdRRlbEUzwaOFOKU6opXDLLixKqu8=,0
YrnGUQMFOUB6hhSRQ3iXLf+FLi2MJ0afQeTnWJBuU4M=,1
LCNUQfYgdM555OvnkCc40wGMpMlBBAdckzsmpQUpbII=,0
K5z5xjr7FD002SXbUTtAh+2UpQS45q5nFWJ/WFgQHuE=,0
mFRTUXiF8JeIfVnpcL3CDdihtwW+WUI7mNtUKTXWwrM=,0
KnGWoAdPgcIi+fI5sGSDaat6PHfsfT5kjERcOAEJ5hg=,0
H7OZFU/cXA08EZ0WVQAe1f+QoM1Mnb4KNmu8/3A0azA=,1
uh/NfzldpSvbeYcE/7DTdFJzmg97PTtqL3Xf7KE+v+A=,0
/ZT5t2mOb9u8KWX2FFNP9M2Lr7tnl7beknpTrMTN2Ts=,0
DnhjvM+ApKyegoKpKiTnl2u/evlYJSY5yNSgpi84bB8=,0
iCVZCFISZ47YJ/QbMgxYgTIf0lKDZL/GnHWowHpV6iE=,0
yei5ThAuTNh/UARHQoDVakZ/NgpJcFZbGf+MQWQzPlc=,0
OwcUjED3ze02e0la+n2YBePF8bl/b+QPJDuMSCIdjOI=,0
CZLKoWMCCYOTAmdZgCkvQYBgDgoEpSVvrz+cejs5i1o=,0
FPjvgmymp6uhQe0bXKAT1WSoM/YP4q53ibUs9pNIFrQ=,0
ZGb3NlypQ8bMJy4BMEed9aFlwRVZ9LwiW/Yhd6pbHzc=,0
0nWI7seypo3VxQ/WXakr3sDLz7Sq2CMPEA+rj/LCZBI=,0
/lir7ekdsO0w9xSiMJ+NOLWw/LocsMLqYxuGLtHLw5w=,0
WHj4bc1BBxCHGjLFHWivgn0Z5bOae13dZ18usg9KzyA=,0
zDJiIvNd7L/+3ScMcvHCYEqpTNCwR2ARvuobqvCBJtk=,1
6BpMOUjlltySuAsFdI4fvp5sTF3rE3T00eAJwBEcI5Q=,0
Ai3khk36+v9mECiu5UJQSAiba0+y/60KLGj49wYLGkU=,0
jcuZh3k15/Euk+RmuiBDuXijCf2Eu1fOWScVElwbV0k=,0
/bJHG+KImFNyr3Xn+o1D2d2zVucgWAnYcV6U3RjpV2Q=,0
c7rQUm2zWCbDqX0D+oYd4kRV3LDOWpndoAY5G5j8378=,0
3RotsSaaL81t0Z6G8q8EUr56D/9u9M+EVFSADhqjsPs=,0
RMPqL4QJ/IZsRlHsd0Gq9GA8Bpod+hpL+3f3zVq8jvs=,0
xSX/L93i1HbjpZrc5704GA/uGFAuYzl+yZvRc92HRww=,0
Uau1BQ+KV+ZS7zD9THoOVG9X66LLdEsWtNzYxSWsUM0=,0
UEz6m8o0J1muQB7qaXHgokwvdoVmjdEqkNnEyDlNKU8=,0
U1XtQqEgLK0C4YEI/cIDRw+6qIfRvbwdAKYcjPhfy1Y=,0
NfZlBayMLahkv7oiJvyvDfxs3yAcOQWsiBc3ijN5b+4=,0
RUk5drmHPy009xIiwJot3Q16zC3vBLrft1NuNHRNj+A=,0
Xb4oVANZkJU0rYSZZ7ti5G+JmqznjojgfCOSF8lWraA=,0
g/YM4ZU5BNboBsPY5Uq+FSs8MnVFPYvqWe8icApriFI=,0
+ZfLEjmx3nXb3FcrFQEHMaKA8uuwy0kSKkmrAHehW8I=,0
vA1shtLpCBX1ulUeqwWyLMIOMYYTy1XsUawQDoH9Vgw=,0
mGbajP07wfLK4Zy7n9rzWHnq//oBFUvzAKLpjaKrMIY=,0
6hTaRM7szmZbKgq52P4ht8Ops1x4mrV8yE1s59qW27c=,1
8o6Dv7UalpAJZi3I6YSx4R2pg+DdZ9aQMGVgLPzplDQ=,0
ewpLSPNjedix8t92dSjIQOmM7ZbpQIt/k8uuoJsI8BA=,0
NHeW9EUfF6Qj6F2LcmBCqJZCkKzYxqBrSGPplueraG4=,0
DZIj6NAh4200PlHF2XDvE3RLfFbpmaG3tq8ZVp8mQOc=,0
Uzd3VjZAbqs2aVmWZpJ8hFCSmAJlFytejB4pV0RofJo=,1
1AOoWxZxGfcAfit6MLT1C5DgHqYOsgzb1Bz+NLlEAsc=,1
RntQnkJRx5rGWwtgQbU76cD5eUA4jv9XNROc6C4DK+c=,0
VA3euxgGwA/EDnAzrKLe/P+O0rYjElJ/z3qXmyaNrDU=,0
2tnK6+Bs4suJUjGFgccdt3lwjIgwHBrdsHcJgeqeOqc=,0
oWdmMGcUGm4cdO15/sQZNgX68x01hWWge4T0hfytWPA=,0
vSLTEcXU0GPgVRPO9ExFy9NbR7a8ukAWSUBFcW8vIBY=,0
cF+AY4DuwB70nQPJS7Q1hnuTYd28o+/6kpXnbvPvE7o=,0
fjgbQorZBwjBan4YbbRKgINpvOnt4z8iQ45NNLzNN/c=,0
ZVVUTi0Y5Hzlm4cElw/9pbHOXxrKj3N6ldmgry3tDgA=,0
QLb4uCH64nxUtc9K8BuDz3y9rCWmFB59jVRUvbKjeuY=,0
SDYiJ+ZZagh+t9jvfRs8ZoE39vRNZRf4R4VyHDAKSF4=,0
IfAPZjabYCvm4nYdWpRVhJMQc1HuVT55dUmTVjcj0wU=,0
jUTwYsgcWWc69YciCT1vDDGcNfJQFxKWugIGMl0oFnY=,0
1vyEuf/FG+ppXBHKYFsSOXPJZ9JWFcvULhKUWRWVcJQ=,0
gA3BVdJguLRTfAnBNWb8S/MFMDjhEva7Fp3lQ9RgMcA=,0
m4Iobrgc2Vw9bfPHlpTBvVSb50hjBcQFOLxUMp16RHk=,0
97BlQbpb5aDa76zS9FVzUHxbPm5pVIDqi/EWRipvFlw=,0
qFjStzveFwHTBR1idNL7M+ni9AALXZwWgkYkOc6ZVSw=,0
Zgm6v4eTt+yGiNTOLjbA0BRjaEM0qRFUuh90asxvB0Y=,0
pMKlO0nXTq1tFWERrO+yepS5xk/zqYmCw1Tb2KboW5o=,1
Tgn3DVa+quNXaqr3oPVgJ4cFX9FCSOy7/niaVpTWia0=,0
SWiHl1YPIwYt2xzjilGgNFmkTNnG4Il2JShzXViGVC0=,0
Fq+EwKzXWp/TUKOWuM41HBwynrYQwrsde8j18lM7fi4=,0
bsUtwOBqgkPE3/1jrJbYlFVIvOygpBErumeQCEA9wN0=,0
u+jvDO9kuuToUJNtys3HE6R+moFR95i1KqOdbV7T5pw=,0
tdMA8Z47Hg6tev+UWJoJcVW8aFJd7wJGfdCO9J5wpaA=,0
XqHRytmwRpAZvG3rZMfgXKWGPc0dp6WqUjr2uEuvj8Q=,0
nzHxVxvNuy9b+28RMAkQCfsy4/h7i23SfApi8YIyf4A=,0
ANTAxhl0nTIv9I9picOb9vO6n8zaBYwIw/I+NguZqz8=,0
yixVY+bZKrmqdTaKoil+p1FXvwtZaJJeexi8piWn28g=,0
wSIzIFwoWZZZ5n5ZxRZizgyl3bc1AMqO1/2M6rZO+2w=,0
bvTHIMtaO//DCboUBkt6uIZGDrVzZRFFjPQppjrV+BQ=,0
18IEo/7jt1TZyiDJx+Ox923SigMvU7SJwns0+hBoUBY=,0
gnUG6Y5eVj30nhD6lXs6g5tYDbHktfepWTS+Q9qOBAY=,0
7gtn5RjpaOYwEW5CZrqmvRophP2W5GmSycrGQBoZtTM=,0
VcGGQlQUBYJ4YG8KmmnIMkOuKNv+W3gdtF0BQDmex6o=,1
jYBfnIYWw24wA8ZI2/Y23C5HOBwFHvzrJ1Qm70E80Vg=,0
qsQZQdAYfnFwrDsxcc6KmKh1owy85d+Y+J/XW+02iKQ=,0
k9Zss9OWrlDqpQD2+Nxh1WjqffR/xg/Dd50UCr1sDf4=,0
3y3pZ40vB12iynPVLWsD2+WnYk6v6i11Ank4GuKIJ5U=,0
u2jab4LnrbotxHzrNMn2jaF4XfC35PfzQgcoeFYLI6g=,0
yWCcXohx1Lz1JNX8pPWHoVbyXzEgtBjN96X5KJyNop4=,0
/2O/xlMDrQucy+r5ZC1P+27xtSq0TNpU6crV3z1IOg8=,0
ZruDuVB0iqqSSvd8v1vqrcgl6iVqjxBRIUpQUEQVHw0=,0
U2G6g110InfuSUZ913mSJm5ZRwE2rRINuBIJW3EUAVI=,0
lNwWiaJZ4tzZveSrpmH9DNU+haobBcj/g3VbZL0dMnQ=,0
VBzbCtv8xhuwqhqlbUNj2pDQwqxndvPMOnZKeADLaus=,0
JNsPgnT/+p7OAoHoj4UAMOECY1Ca6cyPf4li2rMc5is=,0
lzWR5zsJme333IvnPFvn+TxnJ77O74U6CXINvQ/y41I=,1
36NqCk9cNO2OjlFe866JnrPlRdHdU24EIch7LjJQauk=,0
2oTV82Qu+NqZiZspaqh9+PYSAvvml5AQRmvLHBqkpx0=,0
jfjNh94g4dRQnUOk6FEbg4tJQVFBf0M2pBIw1/UDVuM=,0
kACR7I1GJBDnkh+eO8zdZprr6BaxRVm0A7hAbmzSooM=,0
X/t3kuXNrMAHIUG/+kWhPJd9zhOt4cPdO/Rpl8SexEY=,0
mtdp5T7RDCCa+aGu207cREhvGa6Ht99yMV5uK1UUlM8=,0
L53fzTm0qkhufqIs6DjuC3RjI+/LQPNcdvEyIXgzSN0=,0
ndjkqiBNrM3JR/gG0/EA2LDausPv9SRakzU579cQWk8=,0
cCg1DFNOrcnqSQSE8eQWN9jHHyBUCD19rp3eS/1j9fY=,0
PVHpCwHww2jS/dxwOurk4oi7PysJE068zqVr7B+pboI=,0
94KCSRcTxVenSg8EB7TTqkVGhdAEo7QuoNXYXm/Szmc=,0
kOojUzrH8H4U8eTt1pQt1cRo3ih1U/6CAuzAetD3WRY=,0
LIans8B0uUG5ailS9sh3DnR9mM9BSdHu3+F1yRWCBEA=,0
KcsvLPJGUVkOaqQ4CBmdNkvUQ87cbev5fqGCEDcmLdg=,0
D0dVsnA47ba090seGUaSuQOc8jJYb/N8ChlYSoLkezE=,0
lAryy/76Sq9LC/6I7FtJadU4eKqh9eNoRFFu+PkDpAQ=,0
A7eiL6FnXX+a1wL6B1MQFFhaxbsfJjGXd1AqPG2FZgA=,0
SnElNEA0s7LXyRzLN9gdT1kipIfaX9ZhF/4iDdcFGVQ=,0
ixGcn7RGw+ZzU27mYBAtiPV/Fq6hrdl/Og0/2PwbQec=,0
ieOvXeGI420vGcahci/i3WMxZ1igGvAUkOrMw5UGnyA=,0
6mZ/sUURdAXvbiF3HvMCokvjRp9L3wgWk8wMDf4FAyE=,0
qNWJjRmdYoG6m3uMEmTB51fSpshsv1/CaFPGAWTW8LM=,0
C0tyFayi25oDZ+eicXNsLDdpN3+G1BDWBWk6+rsUpMc=,0
XIqy0dIdZaC1nUHbCMw0b77wQdaZ/jFALlksEF1Y988=,1
Iq7UNJVQivbVqKJ0UtipWj1/hek7I32qwnn2xjuS76w=,0
hkM/f/Uzu9hlor4/cLWNu/PcvS6esOdHVzC5rkG82ZM=,0
GQpPpzAiv+8ZUnSZWdKWpGaZx4HVYJcNd42Xwrfykzg=,0
tL53Qa4H+wilQ92t9lXjnRGkEcpRA6VhuVlHeTx1sDM=,0
bwkbj58iY9Q5B/B3bUjNHcnMARer2ajvIA8b4Pn5FLM=,0
qANPvN7LwXnNSklnzRaofXQjhM00ZxXUMgzTVrxI8V8=,0
ck+nPIZzlzPE7C/HtkORj5CtxU+51PGXanL/5D84stA=,0
jqAdV7idQs+p32R9ERilUH1jJNgcEudP3yVmCyij/ns=,1
Fyw6AmTR/jqv9dhhqcQCCffp4GgXIZqYTmNaIppufD0=,0
DMWnH5/KCBZTscvViids/pE8Hu9sIqRUb0ryW1P6kF4=,0
K0hbMK4mj/savcPIiiFlKam2aTCf2H0bIHzHwkhTRiE=,0
+IB/hxwra6ZPOfbSau8HIg+7z9DJR55D9Q7W/efWYnQ=,1
l7nqG9mvb9HhctS9ZKvK0J4M3rHulH7/MJX8pkTulOA=,0
sFu58qZ4B5jAlX8D5uBzvR5tZqTvs//mUt9nkwmw4bg=,0
Dzm7NLAT9/fSI/I4CfVZSCIy1urtz6JJtjMx02IpH34=,0
yOERSuiCKjtxpebcOPZuG4SbTnr+jisTPn/wkOcfugM=,1
b1A1vY0Sc+MDEXb19r0Av36bYdcILrnGnlQMKr55hw8=,0
HkQEA5I1bLVSx9syOiogvfj5ECNuKRbV13BbvPLY2AM=,1
s2hfYYEiPvO7JWORuDctd4r36WyHfrB2DemzM8yO5U8=,0
X07iOSiSetHbHIYafRhOzQoQfVOQI2Qp0gconr+27jc=,1
orHKXsKtFvhJjoXOd4FT+KDD2KVcKmDAOsU8FQ2VXGM=,0
rxuY7Ce+Xwta3nmZAI1A148uBYAiVoP/FoyRm0Ufxqk=,0
tDPY0HLtwCIxnua9g3oM+f0suuWtkwdK0hDbZZ2k6UA=,0
d+XtMqyGiAaFPHJJMhcW+L+3vKU6aw76AZdO5zoICU4=,0
sl04peoqu1ZTFOAuGdgGjGYd9/7qXshaG+ZX052QlXQ=,0
LfhynLVlPENt4sy1fu8AvDBfA85niKALtIJ51LhKNC0=,0
a9fKF9ecb4kyyKDu3O9TzsrEQOikgQA3V49lc1tjICs=,0
zF/tw51mGE9O32gZPt1wKg+dKfrbTQL3wixI0NCfCkE=,0
iWE4YEMTf+7UgAVP+xhojmA+ZyvsPZ2CfEKPK8y6Vks=,0
qTxA8ZwnWYLvQzsPt31foHRY8Lx5YXNi5y2sUE5q3vI=,0
omiUvV40JBzpL33491DTTLMx21RRlMk5tk+nlHw4AVc=,0
4ZS9jKPVTBr5O/oAdg8qR/Srz3luY05t03adZGmdMyQ=,0
dm+cxQVoa1izUexCzdg8uXLRoQiB53Uz93G2eX+23Q4=,0
rlpya7WkgCcrimSmZ1ETcQmWFRUoCnLorHlElk1BM2U=,0
BgwI1zFoVjFBwS933FajSUlaA5B0yQV0Dnn2JxQL/58=,1
qh/0K5ZYa+NH0cgG70kFI8V4vDCB9D8XIEgWyp5NnbQ=,0
jHsqpmd0zhXQegvqmToFTvs+0GZwlJTgqQ4IkXqFLzo=,0
GZqdOVRgUnlCdDvtg0Q2ZB+L7Wn8yOVUAlJsQtOl4k0=,0
CPBloTHUC+CkBqTN4zjXcZ+Ir6yJ4bwavdEm0NH1Aqo=,0
zw3UN5sjsRpNAZ/feyqvpamhbiYUHHgimv2UqvQjrTA=,0
+8gt2GErIykTZTUer9bX2ETD2hO/k/fEUd5DgvUE5GE=,0
0cJqfNeSJwJY/BvH0TPHwxGj5jlRsMLn/WQaWaex+ko=,0
CCpbThTWCxTj4TyrKos2aINsbfhc4wxV7WpW0K5UTcY=,0
TX6w/DJlz2JS6nWcwiqcm5e6Ssoc6wdddqppTGs4qPw=,0
ynoIBTm2NriUPMDNSzLjS8v3qwdX3Zuv/+/YCF5W+vc=,0
j/0koQzoBz4L3cP+xKvN0heQSQLGTbGn6o8iWzdUg14=,0
+1NdMipPVHTfNt80HhQZ018549wuWyZ1glEHtKFOBtQ=,0
tN2WXHYtyWbyOVGJDiq3i3hCQILtCskay4Eyt6ON1wE=,0
sa2SHs52P7TdyHzfFElhxwm7xGPcqrCUro3+y6xT18o=,0
AU6cUEODucFEn5gfdIAsj9/cdB0fRsCyfh2ETNF+3VA=,0
z4Vxc5ekGlk5rDjklh0IQw8DP3QAbJu9l5QG5r3oeTE=,0
v5WTcvjbVumVNTmE0uYznflVUoKoSTxMlwOpv2BaiAY=,1
Cdghf0Z55yN5tl6YoqIg4qcRpFLRS2u/5kmSElGLstE=,0
xtNzeyJolUghZEOSOYDKaYlL4CXCULKqXK0q0+BQ3wQ=,0
evfYnq5CpS36wpvQDytQHCr2t0jxiMFZ8z9nB5/ut+Q=,0
mC1B3fhBBXytkk5YTPqte4g6dWVJCgxqyRPKSUUrP60=,0
QrC/dgrY59tZzSRvQL/YYrAx04mSjS6BDTbZpCCezw0=,0
SblAQSs+Hs7J2plVVe7Z5e95BB0SluDEVk5p4v3suZ4=,0
uECGpYROzBbUErxSwZkeM2kJ1wGo9ecA+QGL1FCG1jk=,0
egNbEOhbxQxct4e0V8YT/I47f3XGm1Q1rjv+boMK0bA=,0
WO1iAX8bXZxkLPdeH3tPAuI0ESE0aezj/fV8lPISogU=,0
tzCYuj3tzSDLY2Jhmyi7WYslX0i2wcQDw1XwjspZfgU=,0
HhLdCvRKr8rOm2jqvLYi+RTkivKemdYpVqH2mH/NZvc=,0
Ab7p171jsZXKmGyexFmK+WfDB+vjFh2OoLg4ksBii6E=,0
EX7ag9Xjv3/3BcKZnBdl1T0z8XQib+ReAD5Wweg+trM=,0
ZghuZaGynKnZlaKz1opZm5w1Y1fMUb+6+tRxlqnDqCg=,0
TRBPAj0BucZ3X1WVvjmQ/m30FJ1trytFWrNeoGoV1lM=,0
aqKjvVdu4CtsN/D7hZvo9Ae3C3ayts53xHZVVIPoQtc=,0
k6rMpfY2+nNpUUbA3fDK8D43O6uUp7N90brqXH6DVQg=,0
JXCbRrI/0vN1YRNWJN/vPwaHGvnfZl6aOdFv+YWuegM=,0
toV32MlTN3e5+RXqZsTuJFtmyx3NHzvN81ShDqKZ7B8=,0
xxpQyXkiE4ft7bwlIwNLCE7GCSYGhSW8/9zUvrbNSCY=,0
eLVqGwi/2AMeWOT6JrjpjEkbUN9ArHaD30GtWNsxaeY=,0
MrTrJH0cp0Ddjy6NJ56aK60JfOaE5SJ+SK7h3p9r/Mc=,0
Llzt/FO/pFw+KypxfIIqNzWb0Mv5iageCV9mLoSVTzs=,0
JAQXYvN5coNUUmVgchKFS7aoWf55Dn1Dgjtum+FxcqA=,0
kg2D/W+w2vgkRk7pxOQuCRyuvTzMT3Ytod05Zt/dMJI=,0
XXveGig5BMKCrl/XCllINEgFxb4YHU+1if1hUpg5exY=,0
B/i4plobyB7OzQiqT2Vu9SdsemE6nChm1QFZt52+dQw=,0
0Yy1SvKy70C893n3yuuNbDTKjL3hg9P7eYJeqYPd+PQ=,0
TiGOqIUdRgqj5WB+FLgqeJP3aNO6tpzYKAHHFkbWkGM=,0
/zh5RT4YNtpKRCL01GQWaQ+ARpSiZwtbUsCTGZxm5Uc=,0
iXC23fA0aEFEIZno3FNsuTg6LCbZue9UiKcsldC/WkA=,0
54OSmE6VCfqJOaGSMGBvB/rxWsJpShD+XQ8PsNyGEjs=,0
ZwXYqJSYtOaxaH0o1YY03s4/HL31OYgR3eIrfVU3LMU=,0
+80p8mE/e9ipT04+6xZIbi77VKNwVXuhiyzc4EX7GS8=,0
HjK4u7RzKOLjifbt8ezPWIH4dhej6GwejGNj4REYHVI=,0
jLpmDCUT69Z6gWGZawZ1Uq08c932Zz+r/WXIRzYwFlA=,0
h6E2qM7s/Wybrq4wtrDliQktPEm/R4Q5Zh9ZIv9L32A=,0
gH91HU8IH1dX3dQwUVPHcQQUP314lL/3V6E+LywBgCA=,0
5BM4IFNAmC5Eqsp1XXhvoftuORTbGp7bhgn9jTaGUzw=,0
LRwDiHldlgncoYu+NWR5uaWpa/XbGp9rf6Bh+/tWExI=,0
ORJKPaNj8RLkgqNzXqhKVC9BIpho+R5IWA241xdOfBs=,0
7RvELbyw/+uPcaL49++cDzN1+T30csz5YsnMKRC35u4=,0
4rlGrF/wi+8CqhRtiSFvQFq6ds8VXyV78yOS8xzHW7A=,0
JEBVDirRvrY/joagdhQUlY/NAn/7jbPe9UpyLftENjM=,0
TrrN2m2NywSgeF6zANqMq+Yt+DgzXpXkuXSdp1x6Sbs=,1
opvAC7srLwXFcXTP6foTTbZ5uk0SHNbCCjcXFevq1ng=,0
t8e2YFGurTpfGnPaWNS38EPd+IfJ1s30BegiEStjKrk=,0
8y9WYhwboxC36V7VLpG6kboZ/1SbkkLlyFgFDUi/RqI=,0
uNF7S9jR4fujuGSepr0sY8ZmL40RLOOEu1QAepEJ6mE=,0
aWZ9cy0TGdQsEXQ9mNTgOyUwxoVUWgx7TdsqRs0Dgqk=,0
Br346vQXabmiObeqTSKzIZQCjJf2wUlvz3UV3N7p6cE=,0
igwDIUNNB6DTUKL6X1EygW+bK8iD5n7gn4Bro6XrCqs=,0
IyIqL5pUrTsVnkeMJK0QM1GTU9RdnmZ1hvMD2CcDxtM=,0
fWT7GKi1hpZaN63OuzGctGUa8dBGmzTHnfsCZL7agP0=,0
vVDwtv/4i8ZJlV2DK9mPpQ9drIdJnxBEUbZG4z0aFiI=,0
GIu8isUXS0AtOF7o2Ezu60R/l8haA7akC6fWFYcSWJs=,0
dB/JlT9sDMX9XkI2mqTdJGAxfz8yU7GhtTJADI3oi1s=,0
bX7JrJNoVsg5vViTcniJsnH3AKvpXWdnO24avuxh7jM=,0
lkfxmrlz3C0oIFCKMF3Lf/qPsrkPXiZ327Z3SWP5v+U=,0
+LRdJhOoJ/Z2HzwnXA6IBiaqWDqeuyb4Dm7uraVgUD0=,0
ArpG5Lxd64bNfl7QCSXdxlm/l2Omop6z1D9fo9wM0iw=,0
K8hqHjcsCjZ3vWpmVYwkltikgP6XSRaWFg+H6o6IuZQ=,0
czzzo73WXZ3biGDWTRyOxfzOzZajz6i+xzNusT0Rjsc=,1
